COMEANO,첫중,저,SPORTS,매충,winix777,전용,50,게임,+,것,2,천만원,10+5,다양한,라이브,"OH춤 10% 돌발15% 첫중30%
코드
ТСС
SPORTS BETTING
3+3 10+5 30+8 50+15 100+25
해외,국내 배당 / 호텔라이브카지노 스포츠상한3천만원 고액전용놀이터
안전메이 저 돌이터
WINW IN
Winbet40
",IN,춤,5,G,"SPIN
CASINO
RELA::
GAMIN G
",GAMIN,/,CASINO,신규,3,놀이터,다수,코드,돌이,안전,%,BETTING,10,100+25,"WE SPORTS
신규청춤
매일첫춤
",이벤트,배당,ТСС,50+15,~,A,WE,미니,RELA::,업체,보증,전화,상한,30+8,호텔,첫충,"eggc
COMEANO PL
A
J
",15,터,해외,1,카지노,OH,고액,SPIN,첫춤,TK,메이,WINW,"툰
",없음,국내,PL,J,돌발,Winbet40,3+3,승인,30,툰,매일,검즘,입금,스포츠,",",),위닉스,eggc,가입,청춤,"다수 보증업체 검즘
위닉스 가입첫충 15% 매충 10~30%)
코드 TK
것입금 3+1 5+2 10+3 50+5
승인전화 없음 스포츠/ 미니게임 / 다양한 이벤트
winix777
"
"Powered By
(l MediaWiki
",By,Powered,(l,WIKIMEDIA,project,"WIKIMEDIA
project
",MediaWiki
"'토캅스TOCOPS
국내 1위 먹튀검즘 & 먹튀진고
먹튀당하지 마시고 토캅스에서 검거내역을 확인하세요!
",。,바로,코믹스,코리아,환전,CITTOON,世,"toon
",차단,먹튀,"NO.1
업로드 최고 빠른
웹툰 머른마이닷컴
",웬툰,"0 흥부닷컴
","제일빠른 안화번역 사이트
MANAMOA
만화천국 마나모아
Season 2
","AEIE
","Aniweek
","Book
Book 부EE
무료
만화
",업로드,신규,Toonplus,번역,good7077,토,TOONBOOK,호호,"MANA JOA
",슈어,만원,TOOMICS,2EO,"웹툰코리아
","Мoeni
","N네임드툰
",MARVEL,"Lmangotoon
무료웹툰-망고툰
",YAFLIX,"○모모애니
","II
SEASON2
",모든,"오픈이벤트신규3만원 지급!
우리계열 메리트카지노
",MARUMARU,DOGTOON,잇,"ANI365
",토토,"TOOMICS
",애니,안화,완결,COMICS,08,슈퍼맨,첫충,"LINETOON
",N,"ornson
",문의,바둑이,당하지,"완결웹툰 총정리 사이트
@토마토툰
",4XYZ,슬롯,LINETOON,"TOONTIME
",b,"고고 TOON
",도깨,46,즐겨,II,캅스,Lmangotoon,하세요,"○ 레드툰
",핑,당분,"TOONKOR
",AEIE,"안전보장 / 빠른충환전
가입코드 : 당분
| good7077
",코드,&,*,100+25,웹,ANI365,번지,"NTOON
",TOON,NTOON,보기,SUNCITY,BOSS,"BlackTOON
","링크
바로가기
",가장,@,CASINE,"19ALL
",HIOIAHE,"Toonplus
",월,TOONFLIX,toon,우리,200-50,웹툰,"'늑대코믹스
","TOONBOOK
","챔프코믹스
","YAFLIX
","hitomi
","BUFFTOON
",진고,FORUM,"여우
코믹스
","로켓툰
",총정리,ornson,확인,찾기,툰,SEASON2,Мoeni,SHARK,보유,NEWTOKI,가능,"MARVEL TOON
","호호툰
101
","웬툰번지
연재웹툰
","MANY
M COMICS
",당근,용품,을,근처,이벤트,"ME TOON
",빠른,SSUNCT,2,Q,로켓,안전,가기,토마토,"DDORYTOON
",○,"광가소미
","NEWTOKI
","VIP 게임센터
바둑이 맞고 올덤 포커
",MAJOR,당신,위,EE,"M 是
",네임드,보증,Tooniya,회원,),10%5%,내역,NEWTOON,레이스,나,"ТОРТОON
",마나,súre.,소미,BlackTOON,"*曾三刀
",NO.1,"MANAMOA
",ToON,"당근툰
당신 근처의 웹 툰
",케이,에서,MANAMOA,모아,0,"Ani24
",44,올덤,DOH,"몽키
코믹스
",스타,KON,"0호두코믹스
",buzz,고객,Super,batoon,101,"TOONFLIX
",성인,"னா
",속도,비트,게임,"속도 빠른 차단우회
(간편하게 모든 사이트 우회가능)
",!,국내,마시고,TOCOPS,BUFFTOON,제일,레드,간편하게,여우,"세상
모든
링크
",HELLVEN,"KING KON
TOON
","호두코믹스
",·,충,123,',"Funbe
",계열,"슈퍼맨툰
",최다,"MANGAAT
","도깨H트
","世三刀。
",Ani,지급,10000,챔프,트,의,"케이툰
KK TOON
00
",연재,광가,Ani24,"프릭툰
",DDORYTOON,COPYTOON,"Super Toon
",WEBTOON,"M MEN'S
FORUM
",|,Pro,가입,머른,고고,300+75,"잇플릭스
",MANGAAT,Book,TOONTIME,"HELLVEN
",검즘,"라이브카지노/호텔카지노
SUNCITY CASINE
충 매충
10%5%
슬롯게임 10000여가재
첫충쿠폰/포인트쿠폰
100+25 200-50 300+75 400+100
2EO SSUNCT
고객센터
","가장 빠른 번역만화사이트
마나토끼
",Toon,부,몽키,카지노,포인트,사이트,옷,"·늑대닷컴
",MANA,목,"44 나비트
",흥부,센터,"COPYTOON
",메리트,400+100,일,"웹툰최다보유
W툰
","BOSS TOON
",(,프릭,시즌,OHLI,"MAJOR HIOIAHE
TOON
",ME,바툼,19ALL,VIP,세상,Funbe,MEN'S,매충,24,M,미리,"Mummycure-
",Aniweek,밤,"핑
ToON
","TOON 46
4XYZ
",/,"b OHLI보고
",KK,"manapang
",WEEKTOON,27,3,JAMICS,JOA,무료,"DOGTOON
",是,리얼,00,보장,"Tooniya
",맞고,XSAFETO,MANY,KING,최고,RaceToon.com,"JMANA
","옷리얼코믹스
","Toon Sarang
",mart,라이브,포커,"웹툰 미리보기 레이스툰
RaceToon.com
","MARUMARU
",모모,"XSAFETO
",만화,"JAMICS
",SAJATOON,"슈어툰
súre.
",Mummycure-,H,검거,"DOH LI 24
",LI,iMax,1,曾,"SAJATOON
",재,W,"toon
123
",ТОРТОON,호텔,망고,"iMax툰
",manapang,플릭스,TOONKOR,Sarang,"WEEKTOON
",னா,링크,토끼,"스타툰
",호두,"Ani
mart
","Pro Toon
",보고,:,"SHARK
TOON
","buzz toon
",로그인,Season,"CITTOON
",a,"WEBTOON
",-,정보,hitomi,오픈,"Q 즐겨찾기 |
08월 27일(목)
로그인 |3회원가입 | a정보찾기
*밤토끼·
시즌2*
웹툰
만화
마이툰
보증토토
성인용품
문의
",여가,JMANA,三刀,천국,"NEWTOON
","무료웹툰
",우회,"바툼
batoon
",마이,늑대,닷컴,쿠폰
GHI,온지,부대,슈,해주,공군,청,대,여성,되지,안에,현명,T,쿠,매려,noc,석게,원데,때려,18:59,계속,앞으로도,세금,165,국민,정병,몸통,올리는,만원,행정병,블랙홀,버스터,규정,9-,di,와,년,폰,사수,국방,AOD,뭔데,박치기,며늘,진행중,19.00,속된,3X4,그리고,이,부조리,세,천당,티라노,우웅,생활,l,외교,군내,대한,엄마,4,*,나중,19:02,잘,것,!!,"txt,","1,560,000",2012.02.16,으로,혁신,안녕하십니까,박규,라는,넌,받아,가니까,아미,이익,크왕,우리,후임,부슨,o,?,"2012,02",할머니,무,지속적,18,증증,중,숫자,브리핑,눌렀다,2018-12-09,호구,견적서,19:04,배열,대려,19:03,명,시대,을,을는,저가격,업체,한접,넣고,글,2,애물,형,Q,유,철씩,증중,에엑,[,으,사용,도사,닌,여,LTE,업무,걸,토성,한,나,키패드,귀울,고통,저는,에서,를,1.,133,에,왜때,go.kr/petitions/464583,사적,통일,통화,병사,인원,전입,LG,facebook,6,~,에도,!,카테고리,B666,알수,O,시,되었습니다,상당,#,조작,방법,이야기,소비자,],',우르,자대,되고,GIORGIO,인,결국,게이,가,"10:34
l LTE
Q 메뉴
청 와 대
청원진행중
국민의 세금으로 만든예산을 더이상 잘
못된 방법으로 사용되지 않도록 해주세
요그리고 군내 부조리에도 귀를 귀울여
주세요.
참여인원 : [165명]
카테고리 외교/통일/국방
청원시작 2018-12-09
청원마감 2019-01-08
청원인 facebook-
청원시작
청원진행중
청원종료
브리핑
청원개요
존경하는 대통령님 안녕하십니까? 저는 사천 공군기지 안에
파입부대에서 근무하는 병사 입니다. 제가이 글을 올리는 이
유는 견적서를 업체와 조작하여 1,560,000원 상당의 사적이익
을 얻으려고 한 대대장님, 사수에 대한 이야기와 규정 이외의
자신의 업무를저에게 지속적으로 강요한 사수에 대한 이야기
입니다. 저는 자대전입 온지 6개월 밖에 안된 형정병 으로 배
속된 일병입니다. 하지만 부대 안에서 이러한 일이 계속 되고
있고 앞으로도 같이 생활할 부대 병사들, 제 후임들이 힘들고
고통 받을 것 같아시이글을 석게되었습니다. 저는 행정병으
https://www1.president. go.kr/petitions/464583
일병이 버스터콜을 눌렀다
",B,입니다,의,하는,그에,파입,먹었던,이러한,이글,때,핸썹,할아버지,.,마감,내,시작,19:00,부처,대왕,예수님,님,에게,GIÓRGIO,원,조상,"노박규 201202. 16 18 57
4 엄마 2012.02.16 18 5
00 00 A
을는 부슨
왜 애물때려
우행
노 할머니 2012.02 16 18:58
여늘에가를 왜때러!
며늘아가를 왜때러!
철썩
할아버지 2012.02.16 18:59
우리아들 왜때러
우리아들왜때려
철썩
, 조상할아버지 2012.02.16 18:59
우리 며늘아가를 왜때러!
우리며늘아가는
왜매려!
철씩
1.
* 구석기시대사람 2012.02.16 19:00
너 뭔데 내 증증증증증증증증증증증증증증증증증증증증증증증증증증
증증증증증증증증증증증증증증증증증증증증증증증증증증손자 때려
년 원데 내 증중중증증증증
철썩
티라노사우르스 2012.02.16 19.00
쿠에에 1 에엑 그에에에
H에 1 엑-!!!!!!!
철썩
알수없는놈 2012.02. 16 19:00
크왕!!!!!!!!!!
예수님 2012.02. 16 19.00
아멘!!
'아멘
부처님 2012.02.16 19:02
부처핸썹!
여성시대 게이 o도사
한접
나 무아미
염라대왕 2012.02.16 19:03
닌 천당 못감~^
'천당못감
,제우스 2012,02. 16 19:03
우르룸!!
지구 2012.02.16 19:04
몸통박치기!!!!!!!!!!
토성 2012.02.16 19:05
넌뭔데 제우스때러
년원더 왜 제우소대려
블랙홀 2012.02. 16 19:05
슈우웅!!!!
AOD O
*Tイエ
꼭에에에
",저,!!!!,57,없는,구석기,여늘,조르지오,2019-01-08,들이,아르마니,꼭,프라다,는,우소,증손자,종료,않도록,밖에,일,201202.,HL,주세요,받을,존경,힘들고,용,ARMANI,삼성,염라,아가,제우스,",",같이,못감,도,안된,^,있고,근무,18:58,못된,하나,증,들,우행,/,사람,자신,!!!!!!!,청원,요,아멘,지구,제가이,이외,사천,귀,00,일병,마이크,A,참여,개요,기지,179,얻으,ARMAN,イエ,놈,19:05,PRADA,DEF,H,안에서,1,엑,하여,메뉴,만든,제,이름,더이상,철썩,사우르스,2012.02,16,?!a,강요,려고,할,개월,알게됨,대통령,:,대대장,같아,룸,10:34,너,-,!!!!!!!!!!,노,하지만,콜,왜,아들,러,https://www1.president.,5,해져서,예산,부처님,원더,배,"PRADA
PRADA
GIÓRGIO ARMAN
B666
PRADA
GIORGIO ARMANI
2 noc
B DEF. 3X4 배열 숫자 키패드
GHI
* di
# ?!a
9- . 통화용 마이크
LG 프라다폰2: 179만원
삼성 조르지오 아르마니폰 : 133만원
이름 하나 넣고 저가격 받아먹었던 혁신
나중가니까 소비자들도 현명해져서 결국 호구라는걸 알게됨
A HL
txt,
LG 프라다폰2: 179만원
삼성 조르지오 아르마니폰 : 133만원
이름 하나 넣고 저가격 받아먹었던 혁신
나중가니까 소비자들도 현명해져서 결국 호구라는걸 알게됨
"
자드,"티자드
후원하기
",티,하기,후원



24,",",이달,신학기,+,놓치면,상품권,1,위해,새,의,준비한,천원,전에,"3월 혜택 모음
이달의 상품권
+ 결제 할인
놓치면 안 될 혜택!
",안,부터,두근,"앱 접속 시 상품권 1천원
주문 전에 상품권부터 받으세요!
YES2
STY 1,000
ES2
",을,될,"ily
두근 두근 신학기!
3월,
새 출발을 위해
GD
예스24가 준비한 선물
YES2
STY 1,000
YES2
",주문,혜택,모음,3,예스,가,접속,"1,000",ES2,앱,출발,선물,할인,!,STY,받으세요,결제,YES2,월,시,GD,ily

전에,두근,주문,결제,상품권,받으세요,",",월,"ily
두근 두근 신학기!
3월,
새 출발을 위해
GD
예스24가 준비한 선물
YES2
STY 1,000
YES2
",할인,STY,3,위해,앱,천원,!,예스,의,신학기,"앱 접속 시 상품권 1천원
주문 전에 상품권부터 받으세요!
YES2
STY 1,000
ES2
",준비한,1,을,놓치면,새,될,ES2,이달,"1,000",부터,GD,출발,+,시,24,선물,혜택,안,접속,ily,모음,가,"3월 혜택 모음
이달의 상품권
+ 결제 할인
놓치면 안 될 혜택!
",YES2

출발,부터,",",받으세요,ily,혜택,두근,+,선물,준비한,놓치면,시,YES2,전에,새,의,"ily
두근 두근 신학기!
3월,
새 출발을 위해
GD
예스24가 준비한 선물
YES2
STY 1,000
YES2
","1,000",ES2,GD,1,예스,이달,위해,가,3,접속,안,STY,될,월,상품권,모음,24,앱,!,신학기,"앱 접속 시 상품권 1천원
주문 전에 상품권부터 받으세요!
YES2
STY 1,000
ES2
",을,결제,"3월 혜택 모음
이달의 상품권
+ 결제 할인
놓치면 안 될 혜택!
",할인,주문,천원
KOR95,놀이터,커뮤니티,수,"국내최대 유흥커뮤니티
OPBEST 오피벨스트
",배당,오피,),모든,KOREAN,%,분,국내,1414,15,",",LOL,첫충,처리,유흥,:,.,언옵,5,무료,"50,000",65,현금,이벤트,핸디,최대,롤링,스트,OKE,"최신
무료 50,000원
수 65일 현금 이벤트
완선1분처리.
코드 : 1414
",업계,실시간,최신,승패,폴,500,상한,1.95,일,벨,완선,스포츠,원,3000,3366,치고,매충,종목,스포츠단,코드,사다리,파워,OPBEST,1,볼,100,"첫충 15% 매충 5%
스포츠업계치고배당 놀이터
KOREAN
모든종목롤링 100%
스포츠단폴OKE폴500 상한3000
코드 : 3366) KOR95 파워볼, 사다리 1.95배당 LOL 승패 핸디언옵 실시간
"
때,30+8,Casino,"HASH
GAME
매충 신규 가입쿠폰최대 50,000환전 가능.
10%
그래프게임.파워볼.하이로우.섯다 등
신개념 30초게임 최고의 환수율
",가능,포커,AM,있어도,16,"50,000",3+3,첫충,&,러,롤림,베팅,검증,"9년차 안전놀이러
MUSINSA
환전 있어도 무제한 기본 매충 I0%
[신규 환전있을 때까지 무제한 3.6.9 313 6-3.6 9-4.9 30-8]
가입 코드 VVV
",만원,은,갈,율,10,게릴라,환전,포츠,등,배당,까지,첫춤,TENBETKOREA,3.6.9,"BlueBet & Casino
무제한 보너스5% 롤림100% ,
신규가입 국내최삼위 카지노 시스템
3+16+2 9+3 전세계 스포츠 라이브 삐팅
코드
B12
",전종목,코드,10%,BETTING,그래프,%,10+5,호텔,/,WIN40,파워,20,돌발,"9년차스포츠전문사이트
50개업체 검증완료
AM
20%
가입
첫충
매충10% 게릴라20%
상한가
1000만원
미니게임 전종목|
환전무제한
코드 FF
",2,시스템,최고의,기본,"코드
BluelBet 무제한 국내최상위 카지노 시스템
&
Casino 00 신규가입 3+1 6+2 9+3
B12
보너스5% 전세계 스포츠 라이브 베팅
",카지노,업체,1000,100,|,15%,라이브,놀이,500,신개념,매충,감일,1,15,볼,[,5,개,상한가,HASH,50+15,"10
스포츠상한 500만원 고액전용노리터
JP 30% 15%
감일 663310+5 30 50+15 100+25 200+50
코드
TENBETKOREA
각은
갈은
)스포츠인플레이 유럽 포츠/라이브호텔카지노,라이브포커
BET
",],인플레이,전문,100+23,천만원,하이,최대,FF,국내,최상위,GAME,MUSINSA,있을,스포츠,쿠폰,6-3.6,200,3,6,전세계,25,미니,사이트,FFFF,.,B12,유럽,),노리터,무제한,VVV,전용,안전,각,로우,"O매춤 10% 돌발15% 첫춤20%
3+3 10+5 30+8 50+15 100+23
코드
FFFF
SPORTS BETTING
안전메이저 놀이터
WINWIN 해외,국내 배당 / 호텔라이브카지노 스포츠상한3천만원 고액전용놀이터
WIN40
",WINWIN,BluelBet,신규,게임,20%,보너스,9,+,O,I0,JP,완료,30%,삼위,가입,663310,놀이터,삐팅,해외,메이저,섯다,30,고액,SPORTS,9-4.9,년차,313,매일,BET,BlueBet,50,최,",",00,상한,초,"WE SPORTS
신규첫충
매일첫춤
",WE,30-8,매춤,환수
접속,선물,앱,+,예스,"ily
두근 두근 신학기!
3월,
새 출발을 위해
GD
예스24가 준비한 선물
YES2
STY 1,000
YES2
",전에,출발,1,준비한,의,두근,24,이달,할인,새,ES2,신학기,결제,시,안,YES2,!,을,ily,"3월 혜택 모음
이달의 상품권
+ 결제 할인
놓치면 안 될 혜택!
",가,될,주문,"1,000",",",부터,모음,위해,STY,놓치면,월,"앱 접속 시 상품권 1천원
주문 전에 상품권부터 받으세요!
YES2
STY 1,000
ES2
",천원,혜택,받으세요,GD,3,상품권
"청풍명월
랜선 산수기행
",BACCO,Anti,조천호,H,노트,ee,"DIO BACCO
DIO
2 FRANCE
",랜선,모바일,SWISS,OF,문고,보감,MEDIES,mango.,"교보인문학석강
조천호 교수
",텀,교수,"레일라슬리마니
작가 대담
",KYOBO,다운로드,"SWISS
MILITARY
SNTEMMELITRY
EWIS
MILITARY
",WAGENSTEIGER,%,GERMANY,FLEX!,월,"13
","KYOBO 교보문고
",~,2,YouTube,"114,000",展,巫,|,고,"KYOBO
모바일 APP
다운로드
",OERMANY,로이,용단,아르,KF-AD,KE-40,석강,"|건강
|보감
황제천용단
황제
|천용단
H ee
",황제,今,"W
WAGENSTEIGER
OERMANY
WAGENSTEIOER
",俗,레일라,"114,000원
sam FLEX!
월
",인문학,EWIS,by,violet,산수,13,"KIN
",早,Droplet,비알,기행,"TANDY
ΤΤΑΝDY
",키퍼,청풍,"WAGENSTEIGER
nd by GERMANY
",W,명월,FRANCE,95,(,TANDY,KIN,생중계,sam,APP,원,작가,ΤΤΑΝDY,lt,"YouTube
교보인문학석강
4/2 생중계
","Anti Droplet
KF-AD
키퍼비알차단마스크
KE-40
Ptt lt ton
95
50w
",박생광,마니,건강,마스크,4/2,스페이스,DIO,"MEDIES
",Ptt,quamarn,30,"quamarn
mango.
violet
",교보,대담,ton,MILITARY,"OF
",SNTEMMELITRY,WAGENSTEIOER,천,최저가,차단,50w,"로이텀 노트
최저가~30%
","교보아르스페이스
고(박생광
早今巫俗展
",nd,슬리
AM,Casino,9-4.9,천만원,663310,놀이,등,"9년차스포츠전문사이트
50개업체 검증완료
AM
20%
가입
첫충
매충10% 게릴라20%
상한가
1000만원
미니게임 전종목|
환전무제한
코드 FF
",),베팅,BluelBet,%,FFFF,WhiteBet,200,|,"50,000",최상위,VVV,MUSINSA,초,9,[,",","10
스포츠상한 500만원 고액전용노리터
JP 30% 15%
감일 663310+5 30 50+15 100+25 200+50
코드
TENBETKOREA
각은
갈은
)스포츠인플레이 유럽 포츠/라이브호텔카지노,라이브포커
BET
",업체,500,미니,BETTING,고액,삼위,환전,그래프,30,메이저,유럽,갈,15%,년차,1000,BET,환수,검증,코드,1,/,00,"WhiteBet 무제한 보너스5% 롤링100% 국내최상위 카지노 시스템
신규가입 3+1 6+2 9+3 전세계 스포츠 라이브 베팅
코드
W06
&
Casino
자금력 1위
",만원,10%,은,"WE SPORTS
신규첫충
매일첫춤
",각,50+15,첫충,배당,사이트,돌발,3+3,시스템,15,보너스,&,게릴라,로우,W06,2,313,30-8,파워,전용,20,JP,개,무제한,신규,WIN40,25,기본,있을,30+8,BlueBet,호텔,스포츠,있어도,WINWIN,러,매일,위,쿠폰,O,3,가능,국내,SPORTS,"HASH
GAME
매충 신규 가입쿠폰최대 50,000환전 가능.
10%
그래프게임.파워볼.하이로우.섯다 등
신개념 30초게임 최고의 환수율
",라이브,까지,때,"BlueBet & Casino
무제한 보너스5% 롤림100% ,
신규가입 국내최삼위 카지노 시스템
3+16+2 9+3 전세계 스포츠 라이브 삐팅
코드
B12
",50,최,6-3.6,5,100+23,매춤,WE,I0,카지노,신개념,GAME,가입,16,전문,율,상한가,포츠,감일,+,20%,],전종목,완료,최고의,롤림,B12,볼,6,안전,포커,게임,"9년차 안전놀이러
MUSINSA
환전 있어도 무제한 기본 매충 I0%
[신규 환전있을 때까지 무제한 3.6.9 313 6-3.6 9-4.9 30-8]
가입 코드 VVV
",100,인플레이,10,전세계,30%,상한,3.6.9,삐팅,매충,롤링,자금력,10+5,TENBETKOREA,HASH,노리터,.,최대,놀이터,"코드
BluelBet 무제한 국내최상위 카지노 시스템
&
Casino 00 신규가입 3+1 6+2 9+3
B12
보너스5% 전세계 스포츠 라이브 베팅
",FF,해외,하이,섯다,첫춤,"O매춤 10% 돌발15% 첫춤20%
3+3 10+5 30+8 50+15 100+23
코드
FFFF
SPORTS BETTING
안전메이저 놀이터
WINWIN 해외,국내 배당 / 호텔라이브카지노 스포츠상한3천만원 고액전용놀이터
WIN40
"
새,24,"1,000",안,출발,을,가,앱,"3월 혜택 모음
이달의 상품권
+ 결제 할인
놓치면 안 될 혜택!
",할인,YES2,접속,ES2,"ily
두근 두근 신학기!
3월,
새 출발을 위해
GD
예스24가 준비한 선물
YES2
STY 1,000
YES2
",!,ily,예스,의,시,신학기,GD,천원,",",STY,상품권,두근,부터,받으세요,준비한,결제,놓치면,선물,월,전에,"앱 접속 시 상품권 1천원
주문 전에 상품권부터 받으세요!
YES2
STY 1,000
ES2
",+,모음,주문,1,위해,될,혜택,이달,3
"YouTube
교보인문학석강
4/2 생중계
",명월,13,%,OF,~,4/2,|,로이,슬리,건강,sam,교수,"quamarn
mango.
violet
","청풍명월
랜선 산수기행
",KYOBO,"114,000",청풍,30,ee,"WAGENSTEIGER
nd by GERMANY
",월,모바일,천,다운로드,비알,대담,"로이텀 노트
최저가~30%
",최저가,용단,FLEX!,"114,000원
sam FLEX!
월
",DIO,nd,violet,2,"KIN
",FRANCE,노트,석강,巫,"KYOBO 교보문고
",기행,Anti,"교보아르스페이스
고(박생광
早今巫俗展
",산수,아르,레일라,mango.,YouTube,50w,quamarn,OERMANY,작가,展,W,GERMANY,랜선,Droplet,今,박생광,키퍼,"Anti Droplet
KF-AD
키퍼비알차단마스크
KE-40
Ptt lt ton
95
50w
",인문학,"OF
",WAGENSTEIGER,생중계,Ptt,"W
WAGENSTEIGER
OERMANY
WAGENSTEIOER
","DIO BACCO
DIO
2 FRANCE
",텀,SNTEMMELITRY,MEDIES,WAGENSTEIOER,俗,SWISS,문고,고,95,차단,KE-40,스페이스,"MEDIES
","TANDY
ΤΤΑΝDY
",早,"SWISS
MILITARY
SNTEMMELITRY
EWIS
MILITARY
",황제,"13
",원,H,보감,lt,ΤΤΑΝDY,"레일라슬리마니
작가 대담
",마스크,MILITARY,APP,TANDY,ton,EWIS,"교보인문학석강
조천호 교수
",(,BACCO,KF-AD,마니,"|건강
|보감
황제천용단
황제
|천용단
H ee
",KIN,by,조천호,"KYOBO
모바일 APP
다운로드
",교보
МоотоON,OOTOON,"МоотоON
OOTOON
"
"in
",in
"in
","digg
",digg,in
WIKIMEDIA,MediaWiki,"WIKIMEDIA
project
","Powered By
(l MediaWiki
",(l,project,By,Powered
천원,가,ES2,3,GD,YES2,위해,STY,준비한,접속,될,"3월 혜택 모음
이달의 상품권
+ 결제 할인
놓치면 안 될 혜택!
",예스,월,두근,시,신학기,결제,24,선물,출발,할인,부터,안,받으세요,이달,의,을,1,혜택,모음,놓치면,"ily
두근 두근 신학기!
3월,
새 출발을 위해
GD
예스24가 준비한 선물
YES2
STY 1,000
YES2
",전에,",","1,000","앱 접속 시 상품권 1천원
주문 전에 상품권부터 받으세요!
YES2
STY 1,000
ES2
",!,새,상품권,+,ily,주문,앱
EICH,최대,국내,15,%,"매주월요일
PADU THHOI EICH 10% OIE
꿀툰보증금 예치업체 가입코드 : GGUL
Asla
Gaming
",상한,"첫충 15% 매충 5%
스포츠업계치고배당 놀이터
KOREAN
모든종목롤링 100%
스포츠단폴OKE폴500 상한3000
코드 : 3366) KOR95 파워볼, 사다리 1.95배당 LOL 승패 핸디언옵 실시간
",롤링,월요일,종목,첫충,커뮤니티,OIE,"국내최대 유흥커뮤니티
OPBEST 오피벨스트
",:,1.95,볼,),핸디,GGUL,OKE,유흥,모든,스포츠단,파워,3366,10%,100,스포츠,3000,5,보증금,놀이터,오피,사다리,매주,업체,예치,OPBEST,",",Asla,PADU,코드,THHOI,승패,KOR95,스트,치고,폴,꿀툰,가입,실시간,LOL,벨,언옵,매충,Gaming,배당,KOREAN,업계,500
가능,Toon,M,"TOONBOOK
",Book,최고,Tooniya,"II
SEASON2
",Sarang,XSAFETO,MANA,TOONBOOK,*,최다,"WEBTOON
",늑대,II,일,무료,·,WEEKTOON,몽키,애니,간편하게,"NO.1
업로드 최고 빠른
웹툰 머른마이닷컴
",모든,목,SSUNCT,"Toon Sarang
",HELLVEN,COPYTOON,가장,"VIP 게임센터
바둑이 맞고 올덤 포커
","몽키
코믹스
",ТОРТОON,용품,보유,게임,"N네임드툰
",프릭,"hitomi
",Мoeni,올덤,"MANA JOA
","MARVEL TOON
",MAJOR,"웬툰번지
연재웹툰
",가입,센터,COMICS,400+100,100+25,BlackTOON,"JAMICS
","Tooniya
",부,툰,번지,"ТОРТОON
",웹툰,○,연재,슬롯,200-50,충,사이트,VIP,보증,WEBTOON,SAJATOON,',만화,CASINE,HIOIAHE,"NTOON
",:,JAMICS,맞고,"핑
ToON
",링크,),"Мoeni
",Toonplus,46,曾,번역,ToON,Ani,"안전보장 / 빠른충환전
가입코드 : 당분
| good7077
",08,"COPYTOON
",mart,10000,"속도 빠른 차단우회
(간편하게 모든 사이트 우회가능)
","0호두코믹스
",2,"iMax툰
",KON,"스타툰
",TOONFLIX,"MAJOR HIOIAHE
TOON
",여가,"*曾三刀
",EE,(,27,a,"Ani
mart
",빠른,TOOMICS,쿠폰,라이브,2EO,hitomi,차단,SUNCITY,고객,성인,토끼,DDORYTOON,"슈어툰
súre.
","TOOMICS
",안전,"DDORYTOON
",속도,"Toonplus
","'늑대코믹스
",TOON,정보,스타,300+75,카지노,"라이브카지노/호텔카지노
SUNCITY CASINE
충 매충
10%5%
슬롯게임 10000여가재
첫충쿠폰/포인트쿠폰
100+25 200-50 300+75 400+100
2EO SSUNCT
고객센터
",재,súre.,"BlackTOON
",N,호두,"WEEKTOON
",W,바로,머른,밤,포인트,"HELLVEN
","AEIE
",코드,iMax,회원,三刀,"Super Toon
",핑,SEASON2,"XSAFETO
",호텔,세상,"○모모애니
","세상
모든
링크
",AEIE,토토,good7077,NO.1,"KING KON
TOON
",닷컴,찾기,첫충,"링크
바로가기
",네임드,환전,우회,KING,포커,슈어,4XYZ,0,시즌,"Book
Book 부EE
무료
만화
",보장,마나,3,가기,MARVEL,바둑이,당분,MANY,문의,"웹툰최다보유
W툰
",코믹스,/,웬툰,JOA,NTOON,BOSS,"Q 즐겨찾기 |
08월 27일(목)
로그인 |3회원가입 | a정보찾기
*밤토끼·
시즌2*
웹툰
만화
마이툰
보증토토
성인용품
문의
",로그인,업로드,Q,"TOONFLIX
","가장 빠른 번역만화사이트
마나토끼
","TOON 46
4XYZ
",즐겨,"SAJATOON
",|,모모,마이,Super,10%5%,월,매충,"MANY
M COMICS
","프릭툰
","BOSS TOON
"

"티자드
후원하기
",하기,후원,자드,티
DEC,"DEC
CODO00
",CODO00
in,"in
"
